Id,Category
0000,5
0001,1
0002,7
0003,3
0004,9
0005,10
0006,3
0007,3
0008,1
0009,6
0010,3
0011,1
0012,8
0013,6
0014,3
0015,3
0016,3
0017,0
0018,9
0019,9
0020,2
0021,9
0022,7
0023,6
0024,3
0025,7
0026,4
0027,2
0028,3
0029,6
0030,1
0031,4
0032,0
0033,1
0034,8
0035,10
0036,7
0037,10
0038,1
0039,7
0040,4
0041,1
0042,1
0043,8
0044,9
0045,6
0046,3
0047,10
0048,1
0049,0
0050,3
0051,6
0052,2
0053,10
0054,7
0055,10
0056,5
0057,10
0058,6
0059,10
0060,4
0061,1
0062,1
0063,8
0064,7
0065,3
0066,7
0067,3
0068,8
0069,1
0070,1
0071,9
0072,6
0073,10
0074,9
0075,1
0076,3
0077,10
0078,1
0079,8
0080,9
0081,6
0082,3
0083,10
0084,0
0085,10
0086,9
0087,1
0088,1
0089,9
0090,10
0091,7
0092,6
0093,9
0094,1
0095,7
0096,6
0097,7
0098,4
0099,8
0100,5
0101,0
0102,3
0103,10
0104,6
0105,7
0106,7
0107,2
0108,5
0109,1
0110,3
0111,1
0112,6
0113,1
0114,0
0115,7
0116,10
0117,8
0118,0
0119,7
0120,8
0121,9
0122,10
0123,2
0124,0
0125,7
0126,10
0127,3
0128,1
0129,1
0130,1
0131,8
0132,6
0133,7
0134,3
0135,3
0136,10
0137,6
0138,2
0139,0
0140,4
0141,9
0142,10
0143,9
0144,7
0145,6
0146,3
0147,9
0148,10
0149,7
0150,3
0151,3
0152,10
0153,3
0154,7
0155,7
0156,3
0157,0
0158,1
0159,0
0160,3
0161,6
0162,3
0163,7
0164,1
0165,3
0166,8
0167,7
0168,3
0169,6
0170,1
0171,1
0172,7
0173,1
0174,8
0175,1
0176,9
0177,0
0178,3
0179,5
0180,1
0181,8
0182,7
0183,6
0184,1
0185,2
0186,9
0187,0
0188,7
0189,9
0190,7
0191,1
0192,10
0193,5
0194,8
0195,3
0196,1
0197,7
0198,6
0199,0
0200,1
0201,9
0202,6
0203,1
0204,6
0205,10
0206,2
0207,2
0208,8
0209,6
0210,0
0211,3
0212,1
0213,6
0214,6
0215,5
0216,8
0217,10
0218,10
0219,3
0220,7
0221,7
0222,7
0223,3
0224,1
0225,3
0226,8
0227,7
0228,0
0229,9
0230,1
0231,7
0232,0
0233,3
0234,3
0235,9
0236,3
0237,0
0238,1
0239,7
0240,9
0241,7
0242,1
0243,0
0244,9
0245,2
0246,1
0247,7
0248,3
0249,3
0250,8
0251,1
0252,1
0253,9
0254,6
0255,7
0256,0
0257,9
0258,8
0259,6
0260,8
0261,1
0262,8
0263,6
0264,6
0265,0
0266,1
0267,9
0268,5
0269,9
0270,7
0271,10
0272,5
0273,3
0274,7
0275,3
0276,1
0277,8
0278,7
0279,3
0280,3
0281,10
0282,3
0283,1
0284,1
0285,1
0286,3
0287,8
0288,1
0289,7
0290,10
0291,5
0292,8
0293,0
0294,3
0295,7
0296,1
0297,1
0298,0
0299,8
0300,1
0301,3
0302,1
0303,1
0304,6
0305,10
0306,1
0307,2
0308,7
0309,1
0310,1
0311,4
0312,6
0313,9
0314,10
0315,1
0316,0
0317,5
0318,1
0319,6
0320,6
0321,0
0322,2
0323,3
0324,8
0325,7
0326,1
0327,3
0328,9
0329,3
0330,7
0331,10
0332,3
0333,6
0334,10
0335,1
0336,9
0337,1
0338,0
0339,0
0340,9
0341,9
0342,8
0343,7
0344,3
0345,7
0346,3
0347,1
0348,7
0349,7
0350,2
0351,7
0352,10
0353,7
0354,4
0355,7
0356,5
0357,0
0358,1
0359,8
0360,10
0361,6
0362,7
0363,1
0364,6
0365,4
0366,1
0367,6
0368,6
0369,6
0370,7
0371,7
0372,1
0373,7
0374,0
0375,8
0376,0
0377,3
0378,8
0379,0
0380,8
0381,1
0382,7
0383,8
0384,7
0385,3
0386,9
0387,9
0388,0
0389,7
0390,3
0391,0
0392,1
0393,10
0394,8
0395,3
0396,5
0397,10
0398,7
0399,6
0400,3
0401,1
0402,1
0403,6
0404,10
0405,6
0406,3
0407,9
0408,1
0409,1
0410,7
0411,7
0412,3
0413,5
0414,6
0415,1
0416,1
0417,7
0418,3
0419,7
0420,5
0421,9
0422,1
0423,9
0424,10
0425,6
0426,5
0427,1
0428,8
0429,7
0430,6
0431,3
0432,8
0433,3
0434,1
0435,1
0436,6
0437,4
0438,6
0439,8
0440,0
0441,10
0442,7
0443,0
0444,6
0445,8
0446,5
0447,8
0448,9
0449,0
0450,10
0451,7
0452,1
0453,0
0454,3
0455,3
0456,9
0457,10
0458,10
0459,7
0460,1
0461,6
0462,1
0463,7
0464,3
0465,3
0466,3
0467,3
0468,1
0469,6
0470,5
0471,0
0472,1
0473,8
0474,0
0475,8
0476,2
0477,8
0478,3
0479,7
0480,3
0481,4
0482,5
0483,9
0484,0
0485,7
0486,6
0487,7
0488,7
0489,7
0490,1
0491,7
0492,1
0493,7
0494,10
0495,1
0496,7
0497,0
0498,7
0499,2
0500,0
0501,8
0502,10
0503,1
0504,1
0505,8
0506,0
0507,1
0508,6
0509,9
0510,9
0511,3
0512,3
0513,3
0514,0
0515,7
0516,6
0517,8
0518,3
0519,10
0520,6
0521,7
0522,7
0523,8
0524,10
0525,10
0526,3
0527,1
0528,7
0529,6
0530,2
0531,7
0532,10
0533,7
0534,6
0535,3
0536,1
0537,6
0538,7
0539,3
0540,3
0541,8
0542,9
0543,6
0544,8
0545,7
0546,0
0547,0
0548,8
0549,3
0550,10
0551,10
0552,7
0553,7
0554,1
0555,0
0556,1
0557,2
0558,9
0559,10
0560,5
0561,10
0562,6
0563,0
0564,7
0565,7
0566,1
0567,9
0568,1
0569,5
0570,1
0571,3
0572,6
0573,7
0574,1
0575,3
0576,9
0577,10
0578,10
0579,1
0580,3
0581,3
0582,10
0583,0
0584,5
0585,7
0586,0
0587,7
0588,1
0589,8
0590,1
0591,1
0592,3
0593,10
0594,0
0595,7
0596,10
0597,7
0598,10
0599,4
0600,6
0601,1
0602,7
0603,1
0604,8
0605,7
0606,3
0607,1
0608,10
0609,3
0610,3
0611,9
0612,7
0613,3
0614,5
0615,6
0616,7
0617,4
0618,6
0619,1
0620,9
0621,10
0622,1
0623,1
0624,9
0625,0
0626,9
0627,9
0628,6
0629,1
0630,0
0631,9
0632,10
0633,7
0634,7
0635,1
0636,1
0637,3
0638,7
0639,0
0640,8
0641,0
0642,3
0643,9
0644,1
0645,2
0646,3
0647,6
0648,5
0649,7
0650,1
0651,8
0652,10
0653,8
0654,10
0655,0
0656,9
0657,2
0658,9
0659,1
0660,1
0661,3
0662,9
0663,7
0664,0
0665,3
0666,7
0667,8
0668,7
0669,8
0670,6
0671,1
0672,3
0673,2
0674,1
0675,9
0676,0
0677,3
0678,6
0679,0
0680,1
0681,3
0682,9
0683,10
0684,5
0685,5
0686,1
0687,7
0688,6
0689,8
0690,6
0691,0
0692,10
0693,7
0694,6
0695,7
0696,5
0697,1
0698,7
0699,0
0700,7
0701,8
0702,1
0703,3
0704,7
0705,6
0706,3
0707,7
0708,7
0709,9
0710,0
0711,3
0712,6
0713,1
0714,7
0715,6
0716,3
0717,3
0718,1
0719,6
0720,8
0721,5
0722,2
0723,3
0724,0
0725,10
0726,3
0727,0
0728,4
0729,2
0730,9
0731,3
0732,3
0733,2
0734,2
0735,2
0736,3
0737,0
0738,7
0739,9
0740,1
0741,7
0742,9
0743,6
0744,10
0745,3
0746,7
0747,0
0748,7
0749,10
0750,2
0751,1
0752,7
0753,1
0754,2
0755,7
0756,5
0757,7
0758,8
0759,6
0760,7
0761,1
0762,3
0763,5
0764,0
0765,6
0766,6
0767,7
0768,3
0769,3
0770,6
0771,9
0772,6
0773,3
0774,9
0775,7
0776,8
0777,9
0778,1
0779,3
0780,1
0781,7
0782,9
0783,10
0784,7
0785,8
0786,7
0787,1
0788,7
0789,3
0790,1
0791,5
0792,3
0793,10
0794,5
0795,1
0796,1
0797,7
0798,1
0799,9
0800,7
0801,9
0802,7
0803,9
0804,1
0805,3
0806,10
0807,7
0808,6
0809,10
0810,6
0811,10
0812,8
0813,1
0814,2
0815,6
0816,6
0817,1
0818,10
0819,4
0820,7
0821,1
0822,3
0823,0
0824,10
0825,6
0826,5
0827,7
0828,9
0829,6
0830,1
0831,7
0832,1
0833,5
0834,3
0835,1
0836,0
0837,2
0838,7
0839,1
0840,9
0841,7
0842,3
0843,3
0844,3
0845,7
0846,0
0847,1
0848,7
0849,7
0850,5
0851,6
0852,7
0853,8
0854,7
0855,1
0856,8
0857,10
0858,8
0859,6
0860,6
0861,0
0862,1
0863,2
0864,3
0865,1
0866,1
0867,1
0868,9
0869,8
0870,3
0871,10
0872,9
0873,5
0874,2
0875,3
0876,3
0877,3
0878,10
0879,0
0880,10
0881,5
0882,3
0883,7
0884,10
0885,9
0886,7
0887,7
0888,8
0889,6
0890,3
0891,5
0892,10
0893,1
0894,4
0895,1
0896,2
0897,7
0898,0
0899,3
0900,6
0901,1
0902,2
0903,7
0904,3
0905,6
0906,7
0907,10
0908,9
0909,6
0910,1
0911,5
0912,7
0913,3
0914,9
0915,7
0916,0
0917,6
0918,7
0919,1
0920,3
0921,6
0922,3
0923,5
0924,6
0925,3
0926,8
0927,3
0928,5
0929,0
0930,7
0931,3
0932,5
0933,1
0934,7
0935,1
0936,0
0937,3
0938,3
0939,9
0940,9
0941,6
0942,0
0943,10
0944,3
0945,7
0946,5
0947,8
0948,7
0949,9
0950,8
0951,10
0952,4
0953,5
0954,3
0955,3
0956,10
0957,1
0958,1
0959,0
0960,2
0961,8
0962,1
0963,0
0964,1
0965,8
0966,6
0967,7
0968,7
0969,7
0970,8
0971,7
0972,8
0973,8
0974,1
0975,6
0976,3
0977,10
0978,10
0979,1
0980,2
0981,3
0982,1
0983,1
0984,3
0985,8
0986,0
0987,9
0988,7
0989,6
0990,3
0991,7
0992,1
0993,1
0994,9
0995,8
0996,7
0997,10
0998,6
0999,9
1000,9
1001,2
1002,6
1003,1
1004,3
1005,3
1006,3
1007,0
1008,0
1009,9
1010,8
1011,7
1012,3
1013,9
1014,3
1015,9
1016,5
1017,7
1018,6
1019,7
1020,8
1021,9
1022,7
1023,1
1024,3
1025,8
1026,1
1027,3
1028,3
1029,4
1030,6
1031,3
1032,9
1033,9
1034,5
1035,6
1036,10
1037,0
1038,9
1039,7
1040,1
1041,4
1042,0
1043,10
1044,7
1045,8
1046,5
1047,1
1048,3
1049,2
1050,9
1051,1
1052,7
1053,4
1054,3
1055,8
1056,7
1057,1
1058,3
1059,1
1060,6
1061,6
1062,0
1063,7
1064,4
1065,7
1066,0
1067,8
1068,3
1069,6
1070,0
1071,3
1072,7
1073,3
1074,1
1075,5
1076,1
1077,4
1078,1
1079,0
1080,7
1081,1
1082,2
1083,7
1084,10
1085,8
1086,3
1087,3
1088,5
1089,8
1090,9
1091,10
1092,1
1093,0
1094,10
1095,0
1096,9
1097,9
1098,6
1099,9
1100,1
1101,2
1102,7
1103,2
1104,9
1105,6
1106,7
1107,0
1108,3
1109,9
1110,0
1111,7
1112,8
1113,0
1114,10
1115,1
1116,1
1117,8
1118,10
1119,1
1120,1
1121,1
1122,9
1123,7
1124,9
1125,6
1126,1
1127,7
1128,9
1129,9
1130,8
1131,10
1132,3
1133,6
1134,1
1135,5
1136,6
1137,1
1138,7
1139,3
1140,0
1141,8
1142,10
1143,3
1144,9
1145,2
1146,7
1147,3
1148,6
1149,8
1150,7
1151,6
1152,10
1153,3
1154,3
1155,7
1156,7
1157,3
1158,2
1159,0
1160,3
1161,8
1162,7
1163,7
1164,6
1165,5
1166,3
1167,6
1168,7
1169,7
1170,5
1171,8
1172,7
1173,3
1174,10
1175,3
1176,1
1177,10
1178,4
1179,8
1180,0
1181,8
1182,8
1183,1
1184,2
1185,7
1186,3
1187,7
1188,6
1189,7
1190,10
1191,9
1192,7
1193,7
1194,0
1195,0
1196,1
1197,3
1198,7
1199,6
1200,3
1201,9
1202,0
1203,8
1204,9
1205,3
1206,10
1207,3
1208,9
1209,8
1210,6
1211,0
1212,1
1213,7
1214,6
1215,7
1216,3
1217,0
1218,8
1219,7
1220,9
1221,9
1222,3
1223,10
1224,6
1225,0
1226,9
1227,8
1228,6
1229,7
1230,1
1231,1
1232,7
1233,10
1234,1
1235,10
1236,1
1237,1
1238,3
1239,1
1240,6
1241,3
1242,9
1243,0
1244,8
1245,0
1246,1
1247,3
1248,0
1249,3
1250,9
1251,9
1252,6
1253,7
1254,6
1255,7
1256,3
1257,2
1258,1
1259,10
1260,1
1261,10
1262,3
1263,0
1264,0
1265,1
1266,9
1267,7
1268,10
1269,6
1270,1
1271,7
1272,9
1273,0
1274,1
1275,9
1276,7
1277,8
1278,9
1279,1
1280,3
1281,7
1282,9
1283,7
1284,1
1285,0
1286,6
1287,7
1288,1
1289,8
1290,1
1291,10
1292,1
1293,7
1294,9
1295,9
1296,1
1297,3
1298,10
1299,8
1300,0
1301,0
1302,8
1303,10
1304,7
1305,9
1306,3
1307,0
1308,1
1309,3
1310,8
1311,1
1312,3
1313,10
1314,7
1315,1
1316,7
1317,3
1318,7
1319,1
1320,1
1321,9
1322,7
1323,6
1324,9
1325,3
1326,5
1327,6
1328,1
1329,9
1330,0
1331,9
1332,1
1333,3
1334,1
1335,0
1336,9
1337,4
1338,1
1339,1
1340,2
1341,1
1342,3
1343,10
1344,0
1345,1
1346,3
1347,9
1348,4
1349,1
1350,5
1351,8
1352,1
1353,3
1354,0
1355,7
1356,3
1357,3
1358,9
1359,10
1360,3
1361,5
1362,9
1363,3
1364,1
1365,9
1366,3
1367,5
1368,10
1369,1
1370,10
1371,7
1372,7
1373,10
1374,7
1375,7
1376,1
1377,7
1378,1
1379,8
1380,6
1381,5
1382,6
1383,6
1384,0
1385,3
1386,4
1387,6
1388,9
1389,10
1390,0
1391,0
1392,10
1393,10
1394,7
1395,8
1396,0
1397,1
1398,0
1399,3
1400,7
1401,10
1402,1
1403,6
1404,9
1405,7
1406,7
1407,9
1408,3
1409,2
1410,9
1411,1
1412,6
1413,7
1414,9
1415,3
1416,10
1417,8
1418,7
1419,2
1420,0
1421,6
1422,10
1423,3
1424,9
1425,9
1426,5
1427,1
1428,0
1429,1
1430,8
1431,1
1432,2
1433,6
1434,0
1435,7
1436,6
1437,7
1438,3
1439,8
1440,1
1441,8
1442,10
1443,6
1444,1
1445,6
1446,7
1447,7
1448,7
1449,8
1450,1
1451,9
1452,7
1453,9
1454,0
1455,8
1456,1
1457,1
1458,3
1459,3
1460,7
1461,10
1462,10
1463,3
1464,3
1465,3
1466,0
1467,5
1468,3
1469,7
1470,5
1471,7
1472,2
1473,7
1474,6
1475,7
1476,10
1477,3
1478,6
1479,1
1480,7
1481,9
1482,7
1483,0
1484,9
1485,10
1486,9
1487,7
1488,7
1489,6
1490,9
1491,1
1492,9
1493,0
1494,9
1495,0
1496,0
1497,2
1498,3
1499,3
1500,9
1501,7
1502,2
1503,6
1504,7
1505,0
1506,3
1507,1
1508,3
1509,3
1510,1
1511,8
1512,1
1513,10
1514,8
1515,7
1516,1
1517,7
1518,7
1519,1
1520,8
1521,3
1522,6
1523,7
1524,6
1525,7
1526,4
1527,7
1528,6
1529,1
1530,10
1531,10
1532,1
1533,3
1534,8
1535,8
1536,0
1537,7
1538,1
1539,0
1540,6
1541,10
1542,7
1543,1
1544,3
1545,7
1546,6
1547,3
1548,5
1549,2
1550,1
1551,0
1552,3
1553,1
1554,10
1555,8
1556,0
1557,0
1558,6
1559,1
1560,7
1561,1
1562,3
1563,1
1564,7
1565,7
1566,8
1567,2
1568,1
1569,6
1570,9
1571,0
1572,7
1573,3
1574,10
1575,8
1576,10
1577,7
1578,5
1579,8
1580,3
1581,7
1582,9
1583,6
1584,10
1585,3
1586,3
1587,3
1588,9
1589,0
1590,0
1591,7
1592,3
1593,7
1594,8
1595,8
1596,8
1597,7
1598,7
1599,9
1600,10
1601,3
1602,1
1603,5
1604,7
1605,0
1606,9
1607,0
1608,8
1609,8
1610,10
1611,3
1612,9
1613,6
1614,1
1615,8
1616,1
1617,3
1618,8
1619,7
1620,8
1621,5
1622,3
1623,2
1624,6
1625,1
1626,6
1627,3
1628,7
1629,1
1630,3
1631,0
1632,1
1633,8
1634,7
1635,6
1636,0
1637,1
1638,3
1639,5
1640,6
1641,10
1642,1
1643,0
1644,7
1645,7
1646,5
1647,2
1648,3
1649,10
1650,1
1651,7
1652,0
1653,10
1654,3
1655,8
1656,8
1657,10
1658,0
1659,7
1660,5
1661,3
1662,6
1663,3
1664,7
1665,8
1666,9
1667,1
1668,3
1669,8
1670,6
1671,9
1672,0
1673,10
1674,7
1675,8
1676,7
1677,3
1678,1
1679,10
1680,1
1681,8
1682,10
1683,1
1684,2
1685,0
1686,0
1687,2
1688,9
1689,8
1690,6
1691,6
1692,9
1693,1
1694,1
1695,1
1696,9
1697,6
1698,9
1699,6
1700,3
1701,10
1702,9
1703,7
1704,6
1705,0
1706,7
1707,2
1708,9
1709,9
1710,3
1711,1
1712,7
1713,1
1714,7
1715,7
1716,3
1717,10
1718,8
1719,10
1720,6
1721,9
1722,9
1723,0
1724,9
1725,10
1726,2
1727,9
1728,1
1729,6
1730,7
1731,7
1732,1
1733,1
1734,10
1735,5
1736,0
1737,7
1738,3
1739,7
1740,3
1741,5
1742,7
1743,0
1744,8
1745,9
1746,7
1747,10
1748,6
1749,0
1750,4
1751,4
1752,7
1753,7
1754,1
1755,10
1756,6
1757,7
1758,3
1759,9
1760,7
1761,0
1762,1
1763,5
1764,6
1765,8
1766,1
1767,6
1768,8
1769,8
1770,6
1771,3
1772,9
1773,1
1774,0
1775,0
1776,10
1777,1
1778,3
1779,3
1780,9
1781,3
1782,6
1783,5
1784,5
1785,3
1786,7
1787,10
1788,7
1789,3
1790,1
1791,1
1792,0
1793,6
1794,1
1795,7
1796,10
1797,1
1798,1
1799,3
1800,3
1801,1
1802,0
1803,5
1804,4
1805,6
1806,6
1807,9
1808,10
1809,10
1810,3
1811,1
1812,7
1813,5
1814,1
1815,9
1816,0
1817,6
1818,7
1819,5
1820,6
1821,6
1822,6
1823,1
1824,7
1825,1
1826,3
1827,6
1828,3
1829,9
1830,1
1831,0
1832,7
1833,10
1834,6
1835,10
1836,6
1837,3
1838,6
1839,7
1840,0
1841,7
1842,1
1843,0
1844,10
1845,6
1846,1
1847,3
1848,9
1849,1
1850,8
1851,3
1852,7
1853,5
1854,10
1855,8
1856,3
1857,7
1858,9
1859,7
1860,0
1861,3
1862,9
1863,7
1864,7
1865,0
1866,7
1867,6
1868,10
1869,6
1870,1
1871,1
1872,7
1873,1
1874,10
1875,3
1876,8
1877,7
1878,9
1879,1
1880,2
1881,7
1882,0
1883,5
1884,3
1885,3
1886,7
1887,6
1888,10
1889,9
1890,6
1891,10
1892,0
1893,1
1894,4
1895,6
1896,0
1897,3
1898,8
1899,8
1900,5
1901,7
1902,9
1903,6
1904,6
1905,7
1906,6
1907,4
1908,7
1909,3
1910,6
1911,8
1912,10
1913,7
1914,6
1915,3
1916,0
1917,9
1918,0
1919,7
1920,3
1921,9
1922,6
1923,7
1924,3
1925,4
1926,2
1927,6
1928,3
1929,7
1930,10
1931,1
1932,7
1933,0
1934,3
1935,5
1936,1
1937,6
1938,6
1939,7
1940,6
1941,8
1942,8
1943,9
1944,3
1945,8
1946,1
1947,3
1948,1
1949,7
1950,5
1951,6
1952,3
1953,10
1954,10
1955,7
1956,2
1957,3
1958,5
1959,2
1960,2
1961,3
1962,7
1963,7
1964,7
1965,9
1966,7
1967,1
1968,9
1969,7
1970,5
1971,1
1972,10
1973,3
1974,7
1975,1
1976,0
1977,1
1978,8
1979,8
1980,8
1981,8
1982,7
1983,3
1984,10
1985,9
1986,1
1987,0
1988,1
1989,9
1990,0
1991,6
1992,7
1993,1
1994,7
1995,0
1996,7
1997,7
1998,4
1999,2
2000,10
2001,6
2002,5
2003,1
2004,1
2005,9
2006,4
2007,1
2008,10
2009,10
2010,3
2011,8
2012,2
2013,9
2014,7
2015,1
2016,8
2017,3
2018,6
2019,1
2020,4
2021,6
2022,3
2023,5
2024,9
2025,0
2026,7
2027,9
2028,9
2029,10
2030,8
2031,3
2032,8
2033,6
2034,0
2035,3
2036,2
2037,1
2038,2
2039,8
2040,7
2041,0
2042,3
2043,3
2044,3
2045,6
2046,9
2047,9
2048,3
2049,8
2050,10
2051,9
2052,8
2053,5
2054,1
2055,1
2056,1
2057,5
2058,3
2059,6
2060,8
2061,7
2062,0
2063,1
2064,1
2065,2
2066,1
2067,10
2068,5
2069,7
2070,2
2071,6
2072,10
2073,6
2074,0
2075,9
2076,9
2077,9
2078,10
2079,10
2080,6
2081,0
2082,6
2083,9
2084,1
2085,9
2086,0
2087,6
2088,6
2089,5
2090,6
2091,0
2092,6
2093,1
2094,3
2095,2
2096,8
2097,6
2098,10
2099,0
2100,4
2101,3
2102,1
2103,7
2104,1
2105,10
2106,3
2107,3
2108,1
2109,7
2110,10
2111,0
2112,0
2113,3
2114,7
2115,0
2116,0
2117,1
2118,7
2119,7
2120,6
2121,7
2122,0
2123,10
2124,7
2125,6
2126,3
2127,0
2128,8
2129,0
2130,3
2131,1
2132,3
2133,8
2134,2
2135,3
2136,10
2137,9
2138,7
2139,7
2140,0
2141,1
2142,3
2143,9
2144,7
2145,0
2146,2
2147,1
2148,10
2149,8
2150,3
2151,1
2152,5
2153,1
2154,1
2155,0
2156,1
2157,7
2158,3
2159,3
2160,9
2161,10
2162,7
2163,9
2164,6
2165,8
2166,9
2167,4
2168,0
2169,6
2170,1
2171,10
2172,9
2173,1
2174,7
2175,10
2176,6
2177,7
2178,10
2179,9
2180,10
2181,3
2182,0
2183,6
2184,3
2185,1
2186,7
2187,5
2188,1
2189,7
2190,7
2191,10
2192,1
2193,10
2194,6
2195,3
2196,7
2197,3
2198,8
2199,0
2200,1
2201,5
2202,8
2203,1
2204,7
2205,7
2206,4
2207,1
2208,6
2209,1
2210,1
2211,2
2212,0
2213,7
2214,1
2215,2
2216,8
2217,1
2218,6
2219,0
2220,7
2221,5
2222,0
2223,9
2224,5
2225,3
2226,10
2227,7
2228,3
2229,7
2230,0
2231,9
2232,10
2233,3
2234,8
2235,1
2236,1
2237,1
2238,6
2239,10
2240,7
2241,7
2242,9
2243,6
2244,9
2245,7
2246,7
2247,2
2248,1
2249,2
2250,8
2251,0
2252,1
2253,1
2254,6
2255,1
2256,9
2257,3
2258,3
2259,7
2260,0
2261,6
2262,7
2263,5
2264,7
2265,10
2266,9
2267,0
2268,10
2269,3
2270,9
2271,6
2272,6
2273,9
2274,3
2275,7
2276,8
2277,2
2278,10
2279,1
2280,3
2281,10
2282,7
2283,9
2284,1
2285,3
2286,0
2287,10
2288,7
2289,8
2290,7
2291,7
2292,0
2293,1
2294,6
2295,4
2296,9
2297,3
2298,2
2299,5
2300,1
2301,1
2302,6
2303,7
2304,9
2305,7
2306,9
2307,1
2308,10
2309,7
2310,0
2311,5
2312,6
2313,3
2314,2
2315,1
2316,3
2317,1
2318,5
2319,0
2320,2
2321,1
2322,7
2323,0
2324,7
2325,10
2326,9
2327,3
2328,8
2329,6
2330,6
2331,0
2332,10
2333,7
2334,9
2335,6
2336,3
2337,3
2338,1
2339,7
2340,3
2341,9
2342,1
2343,3
2344,4
2345,10
2346,1
2347,1
2348,8
2349,7
2350,1
2351,10
2352,1
2353,9
2354,7
2355,10
2356,1
2357,0
2358,7
2359,10
2360,3
2361,0
2362,4
2363,0
2364,7
2365,0
2366,7
2367,7
2368,8
2369,10
2370,1
2371,10
2372,1
2373,3
2374,8
2375,0
2376,0
2377,7
2378,7
2379,6
2380,4
2381,10
2382,8
2383,10
2384,6
2385,10
2386,10
2387,7
2388,1
2389,3
2390,8
2391,3
2392,4
2393,7
2394,8
2395,3
2396,9
2397,7
2398,7
2399,2
2400,7
2401,9
2402,7
2403,1
2404,9
2405,5
2406,0
2407,1
2408,7
2409,1
2410,2
2411,8
2412,10
2413,3
2414,6
2415,7
2416,0
2417,9
2418,0
2419,10
2420,6
2421,9
2422,6
2423,9
2424,9
2425,8
2426,7
2427,1
2428,10
2429,5
2430,2
2431,3
2432,7
2433,10
2434,7
2435,1
2436,6
2437,9
2438,0
2439,6
2440,1
2441,3
2442,0
2443,5
2444,1
2445,6
2446,3
2447,1
2448,1
2449,10
2450,3
2451,10
2452,1
2453,8
2454,2
2455,10
2456,6
2457,1
2458,0
2459,3
2460,0
2461,2
2462,9
2463,7
2464,7
2465,10
2466,5
2467,0
2468,9
2469,10
2470,7
2471,10
2472,0
2473,3
2474,1
2475,0
2476,9
2477,9
2478,5
2479,4
2480,0
2481,5
2482,3
2483,7
2484,3
2485,7
2486,1
2487,3
2488,7
2489,5
2490,10
2491,7
2492,0
2493,3
2494,3
2495,1
2496,7
2497,10
2498,3
2499,1
2500,8
2501,10
2502,3
2503,7
2504,1
2505,2
2506,3
2507,0
2508,5
2509,5
2510,3
2511,9
2512,3
2513,3
2514,7
2515,6
2516,1
2517,7
2518,2
2519,4
2520,10
2521,6
2522,10
2523,9
2524,7
2525,3
2526,8
2527,6
2528,6
2529,0
2530,10
2531,10
2532,9
2533,1
2534,9
2535,1
2536,7
2537,8
2538,1
2539,6
2540,0
2541,1
2542,5
2543,8
2544,3
2545,1
2546,7
2547,3
2548,9
2549,8
2550,0
2551,5
2552,3
2553,7
2554,7
2555,7
2556,10
2557,1
2558,10
2559,0
2560,7
2561,1
2562,7
2563,7
2564,10
2565,3
2566,3
2567,7
2568,1
2569,7
2570,9
2571,6
2572,3
2573,0
2574,1
2575,6
2576,3
2577,1
2578,3
2579,10
2580,9
2581,6
2582,1
2583,1
2584,1
2585,8
2586,10
2587,3
2588,8
2589,6
2590,3
2591,7
2592,9
2593,8
2594,7
2595,9
2596,0
2597,5
2598,7
2599,3
2600,9
2601,0
2602,6
2603,3
2604,0
2605,7
2606,7
2607,6
2608,7
2609,6
2610,10
2611,8
2612,3
2613,10
2614,7
2615,1
2616,1
2617,1
2618,7
2619,9
2620,8
2621,7
2622,0
2623,0
2624,8
2625,5
2626,4
2627,6
2628,3
2629,6
2630,7
2631,3
2632,3
2633,6
2634,8
2635,0
2636,8
2637,7
2638,8
2639,4
2640,1
2641,6
2642,3
2643,8
2644,10
2645,6
2646,1
2647,1
2648,6
2649,7
2650,2
2651,7
2652,7
2653,1
2654,6
2655,9
2656,3
2657,7
2658,2
2659,0
2660,3
2661,9
2662,0
2663,0
2664,7
2665,1
2666,0
2667,1
2668,8
2669,8
2670,3
2671,10
2672,0
2673,10
2674,5
2675,10
2676,3
2677,10
2678,1
2679,6
2680,7
2681,2
2682,10
2683,3
2684,7
2685,5
2686,10
2687,1
2688,5
2689,0
2690,3
2691,1
2692,7
2693,6
2694,0
2695,1
2696,9
2697,1
2698,3
2699,9
2700,0
2701,1
2702,6
2703,0
2704,9
2705,8
2706,8
2707,6
2708,9
2709,1
2710,1
2711,7
2712,10
2713,0
2714,8
2715,1
2716,3
2717,0
2718,9
2719,6
2720,8
2721,0
2722,7
2723,0
2724,7
2725,0
2726,0
2727,7
2728,7
2729,3
2730,4
2731,1
2732,3
2733,9
2734,3
2735,9
2736,7
2737,9
2738,10
2739,7
2740,7
2741,0
2742,7
2743,8
2744,10
2745,10
2746,8
2747,9
2748,1
2749,7
2750,3
2751,3
2752,3
2753,3
2754,7
2755,1
2756,2
2757,9
2758,1
2759,0
2760,1
2761,3
2762,10
2763,7
2764,6
2765,3
2766,1
2767,9
2768,8
2769,6
2770,9
2771,0
2772,1
2773,6
2774,3
2775,1
2776,8
2777,4
2778,9
2779,7
2780,5
2781,9
2782,8
2783,6
2784,8
2785,1
2786,7
2787,9
2788,3
2789,5
2790,8
2791,9
2792,0
2793,8
2794,7
2795,10
2796,8
2797,1
2798,7
2799,0
2800,10
2801,0
2802,7
2803,7
2804,6
2805,1
2806,9
2807,8
2808,10
2809,3
2810,1
2811,8
2812,7
2813,10
2814,9
2815,7
2816,3
2817,3
2818,9
2819,1
2820,9
2821,2
2822,0
2823,3
2824,0
2825,9
2826,1
2827,6
2828,6
2829,6
2830,5
2831,6
2832,3
2833,3
2834,10
2835,1
2836,7
2837,6
2838,0
2839,6
2840,9
2841,1
2842,8
2843,7
2844,0
2845,9
2846,1
2847,7
2848,8
2849,7
2850,10
2851,3
2852,9
2853,8
2854,7
2855,7
2856,4
2857,0
2858,8
2859,7
2860,6
2861,1
2862,0
2863,2
2864,3
2865,8
2866,10
2867,1
2868,0
2869,5
2870,8
2871,3
2872,0
2873,6
2874,2
2875,9
2876,1
2877,8
2878,8
2879,3
2880,3
2881,7
2882,0
2883,0
2884,1
2885,6
2886,0
2887,3
2888,8
2889,7
2890,5
2891,0
2892,9
2893,10
2894,6
2895,1
2896,8
2897,9
2898,3
2899,1
2900,1
2901,3
2902,10
2903,0
2904,1
2905,10
2906,6
2907,3
2908,7
2909,1
2910,7
2911,8
2912,6
2913,9
2914,3
2915,1
2916,8
2917,4
2918,7
2919,9
2920,4
2921,10
2922,9
2923,3
2924,1
2925,3
2926,2
2927,3
2928,3
2929,9
2930,7
2931,2
2932,1
2933,7
2934,0
2935,9
2936,6
2937,7
2938,6
2939,3
2940,7
2941,7
2942,10
2943,0
2944,3
2945,3
2946,1
2947,1
2948,6
2949,6
2950,0
2951,5
2952,9
2953,7
2954,10
2955,3
2956,7
2957,5
2958,0
2959,3
2960,1
2961,9
2962,6
2963,7
2964,1
2965,10
2966,1
2967,2
2968,1
2969,1
2970,10
2971,0
2972,3
2973,10
2974,0
2975,7
2976,10
2977,3
2978,7
2979,9
2980,6
2981,10
2982,9
2983,4
2984,7
2985,0
2986,7
2987,9
2988,5
2989,5
2990,9
2991,1
2992,9
2993,1
2994,7
2995,1
2996,3
2997,7
2998,6
2999,8
